,book_id,last_seen
0,a-light-in-the-attic_1000,2021-05-06 20:35:55.535998
1,tipping-the-velvet_999,2021-05-06 20:35:55.536066
2,soumission_998,2021-05-06 20:35:55.536129
3,sharp-objects_997,2021-05-06 20:35:55.536182
4,sapiens-a-brief-history-of-humankind_996,2021-05-06 20:35:55.536232
5,the-requiem-red_995,2021-05-06 20:35:55.536281
6,the-dirty-little-secrets-of-getting-your-dream-job_994,2021-05-06 20:35:55.536331
7,the-coming-woman-a-novel-based-on-the-life-of-the-infamous-feminist-victoria-woodhull_993,2021-05-06 20:35:55.536378
8,the-boys-in-the-boat-nine-americans-and-their-epic-quest-for-gold-at-the-1936-berlin-olympics_992,2021-05-06 20:35:55.536425
9,the-black-maria_991,2021-05-06 20:35:55.536480
10,starving-hearts-triangular-trade-trilogy-1_990,2021-05-06 20:35:55.536531
11,shakespeares-sonnets_989,2021-05-06 20:35:55.536578
12,set-me-free_988,2021-05-06 20:35:55.536639
13,scott-pilgrims-precious-little-life-scott-pilgrim-1_987,2021-05-06 20:35:55.536703
14,rip-it-up-and-start-again_986,2021-05-06 20:35:55.536760
15,our-band-could-be-your-life-scenes-from-the-american-indie-underground-1981-1991_985,2021-05-06 20:35:55.536816
16,olio_984,2021-05-06 20:35:55.536870
17,mesaerion-the-best-science-fiction-stories-1800-1849_983,2021-05-06 20:35:55.536927
18,libertarianism-for-beginners_982,2021-05-06 20:35:55.536980
19,its-only-the-himalayas_981,2021-05-06 20:35:55.537031
20,in-her-wake_980,2021-05-06 20:35:55.695017
21,how-music-works_979,2021-05-06 20:35:55.695085
22,foolproof-preserving-a-guide-to-small-batch-jams-jellies-pickles-condiments-and-more-a-foolproof-guide-to-making-small-batch-jams-jellies-pickles-condiments-and-more_978,2021-05-06 20:35:55.695142
23,chase-me-paris-nights-2_977,2021-05-06 20:35:55.695209
24,black-dust_976,2021-05-06 20:35:55.695273
25,birdsong-a-story-in-pictures_975,2021-05-06 20:35:55.695346
26,americas-cradle-of-quarterbacks-western-pennsylvanias-football-factory-from-johnny-unitas-to-joe-montana_974,2021-05-06 20:35:55.695408
27,aladdin-and-his-wonderful-lamp_973,2021-05-06 20:35:55.695468
28,worlds-elsewhere-journeys-around-shakespeares-globe_972,2021-05-06 20:35:55.695527
29,wall-and-piece_971,2021-05-06 20:35:55.695583
30,the-four-agreements-a-practical-guide-to-personal-freedom_970,2021-05-06 20:35:55.695637
31,the-five-love-languages-how-to-express-heartfelt-commitment-to-your-mate_969,2021-05-06 20:35:55.695693
32,the-elephant-tree_968,2021-05-06 20:35:55.695749
33,the-bear-and-the-piano_967,2021-05-06 20:35:55.695799
34,sophies-world_966,2021-05-06 20:35:55.695846
35,penny-maybe_965,2021-05-06 20:35:55.695893
36,maude-1883-1993she-grew-up-with-the-country_964,2021-05-06 20:35:55.695943
37,in-a-dark-dark-wood_963,2021-05-06 20:35:55.695993
38,behind-closed-doors_962,2021-05-06 20:35:55.696041
39,you-cant-bury-them-all-poems_961,2021-05-06 20:35:55.696089
40,slow-states-of-collapse-poems_960,2021-05-06 20:35:55.837921
41,reasons-to-stay-alive_959,2021-05-06 20:35:55.837991
42,private-paris-private-10_958,2021-05-06 20:35:55.838046
43,higherselfie-wake-up-your-life-free-your-soul-find-your-tribe_957,2021-05-06 20:35:55.838097
44,without-borders-wanderlove-1_956,2021-05-06 20:35:55.838146
45,when-we-collided_955,2021-05-06 20:35:55.838199
46,we-love-you-charlie-freeman_954,2021-05-06 20:35:55.838280
47,untitled-collection-sabbath-poems-2014_953,2021-05-06 20:35:55.838339
48,unseen-city-the-majesty-of-pigeons-the-discreet-charm-of-snails-other-wonders-of-the-urban-wilderness_952,2021-05-06 20:35:55.838396
49,unicorn-tracks_951,2021-05-06 20:35:55.838452
50,unbound-how-eight-technologies-made-us-human-transformed-society-and-brought-our-world-to-the-brink_950,2021-05-06 20:35:55.838511
51,tsubasa-world-chronicle-2-tsubasa-world-chronicle-2_949,2021-05-06 20:35:55.838564
52,throwing-rocks-at-the-google-bus-how-growth-became-the-enemy-of-prosperity_948,2021-05-06 20:35:55.838614
53,this-one-summer_947,2021-05-06 20:35:55.838662
54,thirst_946,2021-05-06 20:35:55.838712
55,the-torch-is-passed-a-harding-family-story_945,2021-05-06 20:35:55.838763
56,the-secret-of-dreadwillow-carse_944,2021-05-06 20:35:55.838812
57,the-pioneer-woman-cooks-dinnertime-comfort-classics-freezer-food-16-minute-meals-and-other-delicious-ways-to-solve-supper_943,2021-05-06 20:35:55.838859
58,the-past-never-ends_942,2021-05-06 20:35:55.838907
59,the-natural-history-of-us-the-fine-art-of-pretending-2_941,2021-05-06 20:35:55.838956
60,the-nameless-city-the-nameless-city-1_940,2021-05-06 20:35:55.977088
61,the-murder-that-never-was-forensic-instincts-5_939,2021-05-06 20:35:55.977157
62,the-most-perfect-thing-inside-and-outside-a-birds-egg_938,2021-05-06 20:35:55.977210
63,the-mindfulness-and-acceptance-workbook-for-anxiety-a-guide-to-breaking-free-from-anxiety-phobias-and-worry-using-acceptance-and-commitment-therapy_937,2021-05-06 20:35:55.977267
64,the-life-changing-magic-of-tidying-up-the-japanese-art-of-decluttering-and-organizing_936,2021-05-06 20:35:55.977319
65,the-inefficiency-assassin-time-management-tactics-for-working-smarter-not-longer_935,2021-05-06 20:35:55.977372
66,the-gutsy-girl-escapades-for-your-life-of-epic-adventure_934,2021-05-06 20:35:55.977422
67,the-electric-pencil-drawings-from-inside-state-hospital-no-3_933,2021-05-06 20:35:55.977471
68,the-death-of-humanity-and-the-case-for-life_932,2021-05-06 20:35:55.977520
69,the-bulletproof-diet-lose-up-to-a-pound-a-day-reclaim-energy-and-focus-upgrade-your-life_931,2021-05-06 20:35:55.977569
70,the-art-forger_930,2021-05-06 20:35:55.977617
71,the-age-of-genius-the-seventeenth-century-and-the-birth-of-the-modern-mind_929,2021-05-06 20:35:55.977665
72,the-activists-tao-te-ching-ancient-advice-for-a-modern-revolution_928,2021-05-06 20:35:55.977716
73,spark-joy-an-illustrated-master-class-on-the-art-of-organizing-and-tidying-up_927,2021-05-06 20:35:55.977767
74,soul-reader_926,2021-05-06 20:35:55.977815
75,security_925,2021-05-06 20:35:55.977865
76,saga-volume-6-saga-collected-editions-6_924,2021-05-06 20:35:55.977913
77,saga-volume-5-saga-collected-editions-5_923,2021-05-06 20:35:55.977961
78,reskilling-america-learning-to-labor-in-the-twenty-first-century_922,2021-05-06 20:35:55.978043
79,rat-queens-vol-3-demons-rat-queens-collected-editions-11-15_921,2021-05-06 20:35:55.978117
80,princess-jellyfish-2-in-1-omnibus-vol-01-princess-jellyfish-2-in-1-omnibus-1_920,2021-05-06 20:35:56.119266
81,princess-between-worlds-wide-awake-princess-5_919,2021-05-06 20:35:56.119367
82,pop-gun-war-volume-1-gift_918,2021-05-06 20:35:56.119435
83,political-suicide-missteps-peccadilloes-bad-calls-backroom-hijinx-sordid-pasts-rotten-breaks-and-just-plain-dumb-mistakes-in-the-annals-of-american-politics_917,2021-05-06 20:35:56.119495
84,patience_916,2021-05-06 20:35:56.119553
85,outcast-vol-1-a-darkness-surrounds-him-outcast-1_915,2021-05-06 20:35:56.119606
86,orange-the-complete-collection-1-orange-the-complete-collection-1_914,2021-05-06 20:35:56.119654
87,online-marketing-for-busy-authors-a-step-by-step-guide_913,2021-05-06 20:35:56.119702
88,on-a-midnight-clear_912,2021-05-06 20:35:56.119750
89,obsidian-lux-1_911,2021-05-06 20:35:56.119798
90,my-paris-kitchen-recipes-and-stories_910,2021-05-06 20:35:56.119849
91,masks-and-shadows_909,2021-05-06 20:35:56.119899
92,mama-tried-traditional-italian-cooking-for-the-screwed-crude-vegan-and-tattooed_908,2021-05-06 20:35:56.119947
93,lumberjanes-vol-2-friendship-to-the-max-lumberjanes-5-8_907,2021-05-06 20:35:56.119994
94,lumberjanes-vol-1-beware-the-kitten-holy-lumberjanes-1-4_906,2021-05-06 20:35:56.120040
95,lumberjanes-vol-3-a-terrible-plan-lumberjanes-9-12_905,2021-05-06 20:35:56.120087
96,layered-baking-building-and-styling-spectacular-cakes_904,2021-05-06 20:35:56.120137
97,judo-seven-steps-to-black-belt-an-introductory-guide-for-beginners_903,2021-05-06 20:35:56.120184
98,join_902,2021-05-06 20:35:56.120230
99,in-the-country-we-love-my-family-divided_901,2021-05-06 20:35:56.120278
100,immunity-how-elie-metchnikoff-changed-the-course-of-modern-medicine_900,2021-05-06 20:35:56.268651
101,i-hate-fairyland-vol-1-madly-ever-after-i-hate-fairyland-compilations-1-5_899,2021-05-06 20:35:56.268711
102,i-am-a-hero-omnibus-volume-1_898,2021-05-06 20:35:56.268762
103,how-to-be-miserable-40-strategies-you-already-use_897,2021-05-06 20:35:56.268811
104,her-backup-boyfriend-the-sorensen-family-1_896,2021-05-06 20:35:56.268859
105,giant-days-vol-2-giant-days-5-8_895,2021-05-06 20:35:56.268908
106,forever-and-forever-the-courtship-of-henry-longfellow-and-fanny-appleton_894,2021-05-06 20:35:56.268957
107,first-and-first-five-boroughs-3_893,2021-05-06 20:35:56.269010
108,fifty-shades-darker-fifty-shades-2_892,2021-05-06 20:35:56.269057
109,everydata-the-misinformation-hidden-in-the-little-data-you-consume-every-day_891,2021-05-06 20:35:56.269107
110,dont-be-a-jerk-and-other-practical-advice-from-dogen-japans-greatest-zen-master_890,2021-05-06 20:35:56.269157
111,danganronpa-volume-1_889,2021-05-06 20:35:56.269205
112,crown-of-midnight-throne-of-glass-2_888,2021-05-06 20:35:56.269282
113,codename-baboushka-volume-1-the-conclave-of-death_887,2021-05-06 20:35:56.269341
114,camp-midnight_886,2021-05-06 20:35:56.269397
115,call-the-nurse-true-stories-of-a-country-nurse-on-a-scottish-isle_885,2021-05-06 20:35:56.269452
116,burning_884,2021-05-06 20:35:56.269541
117,bossypants_883,2021-05-06 20:35:56.269603
118,bitch-planet-vol-1-extraordinary-machine-bitch-planet-collected-editions_882,2021-05-06 20:35:56.269664
119,avatar-the-last-airbender-smoke-and-shadow-part-3-smoke-and-shadow-3_881,2021-05-06 20:35:56.269716
120,algorithms-to-live-by-the-computer-science-of-human-decisions_880,2021-05-06 20:35:56.404178
121,a-world-of-flavor-your-gluten-free-passport_879,2021-05-06 20:35:56.404245
122,a-piece-of-sky-a-grain-of-rice-a-memoir-in-four-meditations_878,2021-05-06 20:35:56.404305
123,a-murder-in-time_877,2021-05-06 20:35:56.404362
124,a-flight-of-arrows-the-pathfinders-2_876,2021-05-06 20:35:56.404417
125,a-fierce-and-subtle-poison_875,2021-05-06 20:35:56.404473
126,a-court-of-thorns-and-roses-a-court-of-thorns-and-roses-1_874,2021-05-06 20:35:56.404533
127,unqualified-how-god-uses-broken-people-to-do-big-things_873,2021-05-06 20:35:56.404589
128,you-are-what-you-love-the-spiritual-power-of-habit_872,2021-05-06 20:35:56.404687
129,william-shakespeares-star-wars-verily-a-new-hope-william-shakespeares-star-wars-4_871,2021-05-06 20:35:56.404745
130,tuesday-nights-in-1980_870,2021-05-06 20:35:56.404801
131,tracing-numbers-on-a-train_869,2021-05-06 20:35:56.404857
132,throne-of-glass-throne-of-glass-1_868,2021-05-06 20:35:56.404912
133,thomas-jefferson-and-the-tripoli-pirates-the-forgotten-war-that-changed-american-history_867,2021-05-06 20:35:56.404977
134,thirteen-reasons-why_866,2021-05-06 20:35:56.405032
135,the-white-cat-and-the-monk-a-retelling-of-the-poem-pangur-ban_865,2021-05-06 20:35:56.405087
136,the-wedding-dress_864,2021-05-06 20:35:56.405144
137,the-vacationers_863,2021-05-06 20:35:56.405201
138,the-third-wave-an-entrepreneurs-vision-of-the-future_862,2021-05-06 20:35:56.405256
139,the-stranger_861,2021-05-06 20:35:56.405311
140,the-shadow-hero-the-shadow-hero_860,2021-05-06 20:35:56.524954
141,the-secret-the-secret-1_859,2021-05-06 20:35:56.525034
142,the-regional-office-is-under-attack_858,2021-05-06 20:35:56.525090
143,the-psychopath-test-a-journey-through-the-madness-industry_857,2021-05-06 20:35:56.525140
144,the-project_856,2021-05-06 20:35:56.525188
145,the-power-of-now-a-guide-to-spiritual-enlightenment_855,2021-05-06 20:35:56.525240
146,the-omnivores-dilemma-a-natural-history-of-four-meals_854,2021-05-06 20:35:56.525292
147,the-nerdy-nummies-cookbook-sweet-treats-for-the-geek-in-all-of-us_853,2021-05-06 20:35:56.525340
148,the-murder-of-roger-ackroyd-hercule-poirot-4_852,2021-05-06 20:35:56.525389
149,the-mistake-off-campus-2_851,2021-05-06 20:35:56.525442
150,the-matchmakers-playbook-wingmen-inc-1_850,2021-05-06 20:35:56.525490
151,the-love-and-lemons-cookbook-an-apple-to-zucchini-celebration-of-impromptu-cooking_849,2021-05-06 20:35:56.525538
152,the-long-shadow-of-small-ghosts-murder-and-memory-in-an-american-city_848,2021-05-06 20:35:56.525586
153,the-kite-runner_847,2021-05-06 20:35:56.525632
154,the-house-by-the-lake_846,2021-05-06 20:35:56.525703
155,the-glittering-court-the-glittering-court-1_845,2021-05-06 20:35:56.525767
156,the-girl-on-the-train_844,2021-05-06 20:35:56.525824
157,the-genius-of-birds_843,2021-05-06 20:35:56.525879
158,the-emerald-mystery_842,2021-05-06 20:35:56.525933
159,the-cookies-cups-cookbook-125-sweet-savory-recipes-reminding-you-to-always-eat-dessert-first_841,2021-05-06 20:35:56.525988
160,the-bridge-to-consciousness-im-writing-the-bridge-between-science-and-our-old-and-new-beliefs_840,2021-05-06 20:35:56.651652
161,the-artists-way-a-spiritual-path-to-higher-creativity_839,2021-05-06 20:35:56.651718
162,the-art-of-war_838,2021-05-06 20:35:56.651779
163,the-argonauts_837,2021-05-06 20:35:56.651836
164,the-10-entrepreneur-live-your-startup-dream-without-quitting-your-day-job_836,2021-05-06 20:35:56.651889
165,suddenly-in-love-lake-haven-1_835,2021-05-06 20:35:56.651938
166,something-more-than-this_834,2021-05-06 20:35:56.651985
167,soft-apocalypse_833,2021-05-06 20:35:56.652033
168,so-youve-been-publicly-shamed_832,2021-05-06 20:35:56.652081
169,shoe-dog-a-memoir-by-the-creator-of-nike_831,2021-05-06 20:35:56.652128
170,shobu-samurai-project-aryoku-3_830,2021-05-06 20:35:56.652178
171,secrets-and-lace-fatal-hearts-1_829,2021-05-06 20:35:56.652226
172,scarlett-epstein-hates-it-here_828,2021-05-06 20:35:56.652275
173,romero-and-juliet-a-tragic-tale-of-love-and-zombies_827,2021-05-06 20:35:56.652326
174,redeeming-love_826,2021-05-06 20:35:56.652375
175,poses-for-artists-volume-1-dynamic-and-sitting-poses-an-essential-reference-for-figure-drawing-and-the-human-form_825,2021-05-06 20:35:56.652423
176,poems-that-make-grown-women-cry_824,2021-05-06 20:35:56.652470
177,nightingale-sing_823,2021-05-06 20:35:56.652540
178,night-sky-with-exit-wounds_822,2021-05-06 20:35:56.652600
179,mrs-houdini_821,2021-05-06 20:35:56.652654
180,modern-romance_820,2021-05-06 20:35:56.781198
181,miss-peregrines-home-for-peculiar-children-miss-peregrines-peculiar-children-1_819,2021-05-06 20:35:56.781269
182,louisa-the-extraordinary-life-of-mrs-adams_818,2021-05-06 20:35:56.781351
183,little-red_817,2021-05-06 20:35:56.781411
184,library-of-souls-miss-peregrines-peculiar-children-3_816,2021-05-06 20:35:56.781468
185,large-print-heart-of-the-pride_815,2021-05-06 20:35:56.781525
186,i-had-a-nice-time-and-other-lies-how-to-find-love-sht-like-that_814,2021-05-06 20:35:56.781581
187,hollow-city-miss-peregrines-peculiar-children-2_813,2021-05-06 20:35:56.781639
188,grumbles_812,2021-05-06 20:35:56.781689
189,full-moon-over-noahs-ark-an-odyssey-to-mount-ararat-and-beyond_811,2021-05-06 20:35:56.781737
190,frostbite-vampire-academy-2_810,2021-05-06 20:35:56.781788
191,follow-you-home_809,2021-05-06 20:35:56.781839
192,first-steps-for-new-christians-print-edition_808,2021-05-06 20:35:56.781887
193,finders-keepers-bill-hodges-trilogy-2_807,2021-05-06 20:35:56.781935
194,fables-vol-1-legends-in-exile-fables-1_806,2021-05-06 20:35:56.781982
195,eureka-trivia-60_805,2021-05-06 20:35:56.782030
196,drive-the-surprising-truth-about-what-motivates-us_804,2021-05-06 20:35:56.782077
197,done-rubbed-out-reightman-bailey-1_803,2021-05-06 20:35:56.782125
198,doing-it-over-most-likely-to-1_802,2021-05-06 20:35:56.782172
199,deliciously-ella-every-day-quick-and-easy-recipes-for-gluten-free-snacks-packed-lunches-and-simple-meals_801,2021-05-06 20:35:56.782223
200,dark-notes_800,2021-05-06 20:35:56.924728
201,daring-greatly-how-the-courage-to-be-vulnerable-transforms-the-way-we-live-love-parent-and-lead_799,2021-05-06 20:35:56.924813
202,close-to-you_798,2021-05-06 20:35:56.924895
203,chasing-heaven-what-dying-taught-me-about-living_797,2021-05-06 20:35:56.924966
204,big-magic-creative-living-beyond-fear_796,2021-05-06 20:35:56.925020
205,becoming-wise-an-inquiry-into-the-mystery-and-art-of-living_795,2021-05-06 20:35:56.925070
206,beauty-restored-riley-family-legacy-novellas-3_794,2021-05-06 20:35:56.925120
207,batman-the-long-halloween-batman_793,2021-05-06 20:35:56.925172
208,batman-the-dark-knight-returns-batman_792,2021-05-06 20:35:56.925221
209,ayumis-violin_791,2021-05-06 20:35:56.925274
210,anonymous_790,2021-05-06 20:35:56.925326
211,amy-meets-the-saints-and-sages_789,2021-05-06 20:35:56.925375
212,amid-the-chaos_788,2021-05-06 20:35:56.925424
213,amatus_787,2021-05-06 20:35:56.925473
214,agnostic-a-spirited-manifesto_786,2021-05-06 20:35:56.925522
215,zealot-the-life-and-times-of-jesus-of-nazareth_785,2021-05-06 20:35:56.925571
216,you-you-1_784,2021-05-06 20:35:56.925620
217,wonder-woman-earth-one-volume-one-wonder-woman-earth-one-1_783,2021-05-06 20:35:56.925669
218,wild-swans_782,2021-05-06 20:35:56.925720
219,why-the-right-went-wrong-conservatism-from-goldwater-to-the-tea-party-and-beyond_781,2021-05-06 20:35:56.925773
220,whole-lotta-creativity-going-on-60-fun-and-unusual-exercises-to-awaken-and-strengthen-your-creativity_780,2021-05-06 20:35:57.051860
221,whats-it-like-in-space-stories-from-astronauts-whove-been-there_779,2021-05-06 20:35:57.051927
222,we-are-robin-vol-1-the-vigilante-business-we-are-robin-1_778,2021-05-06 20:35:57.052000
223,walt-disneys-alice-in-wonderland_777,2021-05-06 20:35:57.052065
224,v-for-vendetta-v-for-vendetta-complete_776,2021-05-06 20:35:57.052123
225,until-friday-night-the-field-party-1_775,2021-05-06 20:35:57.052177
226,unbroken-a-world-war-ii-story-of-survival-resilience-and-redemption_774,2021-05-06 20:35:57.052233
227,twenty-yawns_773,2021-05-06 20:35:57.052293
228,through-the-woods_772,2021-05-06 20:35:57.052345
229,this-is-where-it-ends_771,2021-05-06 20:35:57.052394
230,the-year-of-magical-thinking_770,2021-05-06 20:35:57.052442
231,the-wright-brothers_769,2021-05-06 20:35:57.052490
232,the-white-queen-the-cousins-war-1_768,2021-05-06 20:35:57.052537
233,the-wedding-pact-the-omalleys-2_767,2021-05-06 20:35:57.052588
234,the-time-keeper_766,2021-05-06 20:35:57.052636
235,the-testament-of-mary_765,2021-05-06 20:35:57.052683
236,the-star-touched-queen_764,2021-05-06 20:35:57.052731
237,the-songs-of-the-gods_763,2021-05-06 20:35:57.052782
238,the-song-of-achilles_762,2021-05-06 20:35:57.052829
239,the-rosie-project-don-tillman-1_761,2021-05-06 20:35:57.052877
240,the-power-of-habit-why-we-do-what-we-do-in-life-and-business_760,2021-05-06 20:35:57.181181
241,the-marriage-of-opposites_759,2021-05-06 20:35:57.181247
242,the-lucifer-effect-understanding-how-good-people-turn-evil_758,2021-05-06 20:35:57.181306
243,the-long-haul-diary-of-a-wimpy-kid-9_757,2021-05-06 20:35:57.181363
244,the-loney_756,2021-05-06 20:35:57.181419
245,the-literature-book-big-ideas-simply-explained_755,2021-05-06 20:35:57.181478
246,the-last-mile-amos-decker-2_754,2021-05-06 20:35:57.181537
247,the-immortal-life-of-henrietta-lacks_753,2021-05-06 20:35:57.181593
248,the-hidden-oracle-the-trials-of-apollo-1_752,2021-05-06 20:35:57.181650
249,the-help-yourself-cookbook-for-kids-60-easy-plant-based-recipes-kids-can-make-to-stay-healthy-and-save-the-earth_751,2021-05-06 20:35:57.181701
250,the-guilty-will-robie-4_750,2021-05-06 20:35:57.181749
251,the-first-hostage-jb-collins-2_749,2021-05-06 20:35:57.181807
252,the-dovekeepers_748,2021-05-06 20:35:57.181873
253,the-darkest-lie_747,2021-05-06 20:35:57.181930
254,the-bane-chronicles-the-bane-chronicles-1-11_746,2021-05-06 20:35:57.181988
255,the-bad-ass-librarians-of-timbuktu-and-their-race-to-save-the-worlds-most-precious-manuscripts_745,2021-05-06 20:35:57.182041
256,the-14th-colony-cotton-malone-11_744,2021-05-06 20:35:57.182089
257,that-darkness-gardiner-and-renner-1_743,2021-05-06 20:35:57.182138
258,tastes-like-fear-di-marnie-rome-3_742,2021-05-06 20:35:57.182186
259,take-me-with-you_741,2021-05-06 20:35:57.182234
260,swell-a-year-of-waves_740,2021-05-06 20:35:57.299679
261,superman-vol-1-before-truth-superman-by-gene-luen-yang-1_739,2021-05-06 20:35:57.299745
262,still-life-with-bread-crumbs_738,2021-05-06 20:35:57.299804
263,steve-jobs_737,2021-05-06 20:35:57.299865
264,sorting-the-beef-from-the-bull-the-science-of-food-fraud-forensics_736,2021-05-06 20:35:57.299927
265,someone-like-you-the-harrisons-2_735,2021-05-06 20:35:57.299984
266,so-cute-it-hurts-vol-6-so-cute-it-hurts-6_734,2021-05-06 20:35:57.300040
267,shtum_733,2021-05-06 20:35:57.300096
268,see-america-a-celebration-of-our-national-parks-treasured-sites_732,2021-05-06 20:35:57.300172
269,salt_731,2021-05-06 20:35:57.300233
270,robin-war_730,2021-05-06 20:35:57.300291
271,red-hoodarsenal-vol-1-open-for-business-red-hoodarsenal-1_729,2021-05-06 20:35:57.300346
272,rain-fish_728,2021-05-06 20:35:57.300403
273,quarter-life-poetry-poems-for-the-young-broke-and-hangry_727,2021-05-06 20:35:57.300460
274,pet-sematary_726,2021-05-06 20:35:57.300515
275,overload-how-to-unplug-unwind-and-unleash-yourself-from-the-pressure-of-stress_725,2021-05-06 20:35:57.300570
276,once-was-a-time_724,2021-05-06 20:35:57.300625
277,old-school-diary-of-a-wimpy-kid-10_723,2021-05-06 20:35:57.300680
278,no-dream-is-too-high-life-lessons-from-a-man-who-walked-on-the-moon_722,2021-05-06 20:35:57.300734
279,naruto-3-in-1-edition-vol-14-includes-vols-40-41-42-naruto-omnibus-14_721,2021-05-06 20:35:57.300789
280,my-name-is-lucy-barton_720,2021-05-06 20:35:57.420715
281,my-mrs-brown_719,2021-05-06 20:35:57.420787
282,my-kind-of-crazy_718,2021-05-06 20:35:57.420850
283,mr-mercedes-bill-hodges-trilogy-1_717,2021-05-06 20:35:57.420909
284,more-than-music-chasing-the-dream-1_716,2021-05-06 20:35:57.420966
285,made-to-stick-why-some-ideas-survive-and-others-die_715,2021-05-06 20:35:57.421023
286,luis-paints-the-world_714,2021-05-06 20:35:57.421079
287,luckiest-girl-alive_713,2021-05-06 20:35:57.421134
288,lowriders-to-the-center-of-the-earth-lowriders-in-space-2_712,2021-05-06 20:35:57.421189
289,love-is-a-mix-tape-music-1_711,2021-05-06 20:35:57.421239
290,looking-for-lovely-collecting-the-moments-that-matter_710,2021-05-06 20:35:57.421291
291,living-leadership-by-insight-a-good-leader-achieves-a-great-leader-builds-monuments_709,2021-05-06 20:35:57.421343
292,let-it-out-a-journey-through-journaling_708,2021-05-06 20:35:57.421391
293,lady-midnight-the-dark-artifices-1_707,2021-05-06 20:35:57.421457
294,its-all-easy-healthy-delicious-weeknight-meals-in-under-30-minutes_706,2021-05-06 20:35:57.421520
295,island-of-dragons-unwanteds-7_705,2021-05-06 20:35:57.421576
296,i-know-what-im-doing-and-other-lies-i-tell-myself-dispatches-from-a-life-under-construction_704,2021-05-06 20:35:57.421631
297,i-am-pilgrim-pilgrim-1_703,2021-05-06 20:35:57.421686
298,hyperbole-and-a-half-unfortunate-situations-flawed-coping-mechanisms-mayhem-and-other-things-that-happened_702,2021-05-06 20:35:57.421788
299,hush-hush-hush-hush-1_701,2021-05-06 20:35:57.421843
300,hold-your-breath-search-and-rescue-1_700,2021-05-06 20:35:57.540501
301,hamilton-the-revolution_699,2021-05-06 20:35:57.540671
302,greek-mythic-history_698,2021-05-06 20:35:57.540726
303,god-the-most-unpleasant-character-in-all-fiction_697,2021-05-06 20:35:57.540777
304,glory-over-everything-beyond-the-kitchen-house_696,2021-05-06 20:35:57.540827
305,feathers-displays-of-brilliant-plumage_695,2021-05-06 20:35:57.540877
306,far-away-places-on-the-brink-of-change-seven-continents-twenty-five-years_694,2021-05-06 20:35:57.540926
307,every-last-word_693,2021-05-06 20:35:57.540980
308,eligible-the-austen-project-4_692,2021-05-06 20:35:57.541028
309,el-deafo_691,2021-05-06 20:35:57.541082
310,eight-hundred-grapes_690,2021-05-06 20:35:57.541135
311,eaternity-more-than-150-deliciously-easy-vegan-recipes-for-a-long-healthy-satisfied-joyful-life_689,2021-05-06 20:35:57.541185
312,eat-fat-get-thin_688,2021-05-06 20:35:57.541233
313,dont-get-caught_687,2021-05-06 20:35:57.541281
314,doctor-sleep-the-shining-2_686,2021-05-06 20:35:57.541328
315,demigods-magicians-percy-and-annabeth-meet-the-kanes-percy-jackson-kane-chronicles-crossover-1-3_685,2021-05-06 20:35:57.541374
316,dear-mr-knightley_684,2021-05-06 20:35:57.541421
317,daily-fantasy-sports_683,2021-05-06 20:35:57.541470
318,crazy-love-overwhelmed-by-a-relentless-god_682,2021-05-06 20:35:57.541520
319,cometh-the-hour-the-clifton-chronicles-6_681,2021-05-06 20:35:57.541598
320,code-name-verity-code-name-verity-1_680,2021-05-06 20:35:57.671126
321,clockwork-angel-the-infernal-devices-1_679,2021-05-06 20:35:57.671195
322,city-of-glass-the-mortal-instruments-3_678,2021-05-06 20:35:57.671257
323,city-of-fallen-angels-the-mortal-instruments-4_677,2021-05-06 20:35:57.671315
324,city-of-bones-the-mortal-instruments-1_676,2021-05-06 20:35:57.671393
325,city-of-ashes-the-mortal-instruments-2_675,2021-05-06 20:35:57.671460
326,cell_674,2021-05-06 20:35:57.671516
327,catching-jordan-hundred-oaks_673,2021-05-06 20:35:57.671575
328,carry-on-warrior-thoughts-on-life-unarmed_672,2021-05-06 20:35:57.671627
329,carrie_671,2021-05-06 20:35:57.671677
330,buying-in-the-secret-dialogue-between-what-we-buy-and-who-we-are_670,2021-05-06 20:35:57.671727
331,brain-on-fire-my-month-of-madness_669,2021-05-06 20:35:57.671776
332,batman-europa_668,2021-05-06 20:35:57.671825
333,barefoot-contessa-back-to-basics_667,2021-05-06 20:35:57.671873
334,barefoot-contessa-at-home-everyday-recipes-youll-make-over-and-over-again_666,2021-05-06 20:35:57.671922
335,balloon-animals_665,2021-05-06 20:35:57.671969
336,art-ops-vol-1_664,2021-05-06 20:35:57.672020
337,aristotle-and-dante-discover-the-secrets-of-the-universe-aristotle-and-dante-discover-the-secrets-of-the-universe-1_663,2021-05-06 20:35:57.672071
338,angels-walking-angels-walking-1_662,2021-05-06 20:35:57.672119
339,angels-demons-robert-langdon-1_661,2021-05-06 20:35:57.672167
340,all-the-light-we-cannot-see_660,2021-05-06 20:35:57.805034
341,adulthood-is-a-myth-a-sarahs-scribbles-collection_659,2021-05-06 20:35:57.805102
342,abstract-city_658,2021-05-06 20:35:57.805161
343,a-time-of-torment-charlie-parker-14_657,2021-05-06 20:35:57.805221
344,a-study-in-scarlet-sherlock-holmes-1_656,2021-05-06 20:35:57.805277
345,a-series-of-catastrophes-and-miracles-a-true-story-of-love-science-and-cancer_655,2021-05-06 20:35:57.805338
346,a-peoples-history-of-the-united-states_654,2021-05-06 20:35:57.805419
347,a-man-called-ove_653,2021-05-06 20:35:57.805478
348,a-distant-mirror-the-calamitous-14th-century_652,2021-05-06 20:35:57.805535
349,a-brush-of-wings-angels-walking-3_651,2021-05-06 20:35:57.805591
350,1491-new-revelations-of-the-americas-before-columbus_650,2021-05-06 20:35:57.805648
351,the-three-searches-meaning-and-the-story_649,2021-05-06 20:35:57.805698
352,searching-for-meaning-in-gailana_648,2021-05-06 20:35:57.805746
353,rook_647,2021-05-06 20:35:57.805793
354,my-kitchen-year-136-recipes-that-saved-my-life_646,2021-05-06 20:35:57.805845
355,13-hours-the-inside-account-of-what-really-happened-in-benghazi_645,2021-05-06 20:35:57.805897
356,will-you-wont-you-want-me_644,2021-05-06 20:35:57.805946
357,tipping-point-for-planet-earth-how-close-are-we-to-the-edge_643,2021-05-06 20:35:57.805994
358,the-star-touched-queen_642,2021-05-06 20:35:57.806042
359,the-silent-sister-riley-macpherson-1_641,2021-05-06 20:35:57.806090
360,the-midnight-watch-a-novel-of-the-titanic-and-the-californian_640,2021-05-06 20:35:57.985394
361,the-lonely-city-adventures-in-the-art-of-being-alone_639,2021-05-06 20:35:57.985464
362,the-gray-rhino-how-to-recognize-and-act-on-the-obvious-dangers-we-ignore_638,2021-05-06 20:35:57.985525
363,the-golden-condom-and-other-essays-on-love-lost-and-found_637,2021-05-06 20:35:57.985591
364,the-epidemic-the-program-06_636,2021-05-06 20:35:57.985652
365,the-dinner-party_635,2021-05-06 20:35:57.985729
366,the-diary-of-a-young-girl_634,2021-05-06 20:35:57.985781
367,the-children_633,2021-05-06 20:35:57.985831
368,stars-above-the-lunar-chronicles-45_632,2021-05-06 20:35:57.985880
369,snatched-how-a-drug-queen-went-undercover-for-the-dea-and-was-kidnapped-by-colombian-guerillas_631,2021-05-06 20:35:57.985929
370,raspberry-pi-electronics-projects-for-the-evil-genius_630,2021-05-06 20:35:57.985978
371,quench-your-own-thirst-business-lessons-learned-over-a-beer-or-two_629,2021-05-06 20:35:57.986027
372,psycho-sanitarium-psycho-15_628,2021-05-06 20:35:57.986078
373,poisonous-max-revere-novels-3_627,2021-05-06 20:35:57.986129
374,one-with-you-crossfire-5_626,2021-05-06 20:35:57.986177
375,no-love-allowed-dodge-cove-1_625,2021-05-06 20:35:57.986224
376,murder-at-the-42nd-street-library-raymond-ambler-1_624,2021-05-06 20:35:57.986272
377,most-wanted_623,2021-05-06 20:35:57.986319
378,love-lies-and-spies_622,2021-05-06 20:35:57.986367
379,how-to-speak-golf-an-illustrated-guide-to-links-lingo_621,2021-05-06 20:35:57.986414
380,hide-away-eve-duncan-20_620,2021-05-06 20:35:58.107951
381,furiously-happy-a-funny-book-about-horrible-things_619,2021-05-06 20:35:58.108026
382,everyday-italian-125-simple-and-delicious-recipes_618,2021-05-06 20:35:58.108090
383,equal-is-unfair-americas-misguided-fight-against-income-inequality_617,2021-05-06 20:35:58.108148
384,eleanor-park_616,2021-05-06 20:35:58.108205
385,dirty-dive-bar-1_615,2021-05-06 20:35:58.108262
386,can-you-keep-a-secret-fear-street-relaunch-4_614,2021-05-06 20:35:58.108317
387,boar-island-anna-pigeon-19_613,2021-05-06 20:35:58.108375
388,a-paris-apartment_612,2021-05-06 20:35:58.108426
389,a-la-mode-120-recipes-in-60-pairings-pies-tarts-cakes-crisps-and-more-topped-with-ice-cream-gelato-frozen-custard-and-more_611,2021-05-06 20:35:58.108475
390,troublemaker-surviving-hollywood-and-scientology_610,2021-05-06 20:35:58.108524
391,the-widow_609,2021-05-06 20:35:58.108575
392,the-sleep-revolution-transforming-your-life-one-night-at-a-time_608,2021-05-06 20:35:58.108624
393,the-improbability-of-love_607,2021-05-06 20:35:58.108671
394,the-art-of-startup-fundraising_606,2021-05-06 20:35:58.108718
395,take-me-home-tonight-rock-star-romance-3_605,2021-05-06 20:35:58.108766
396,sleeping-giants-themis-files-1_604,2021-05-06 20:35:58.108813
397,setting-the-world-on-fire-the-brief-astonishing-life-of-st-catherine-of-siena_603,2021-05-06 20:35:58.108861
398,playing-with-fire_602,2021-05-06 20:35:58.108926
399,off-the-hook-fishing-for-trouble-1_601,2021-05-06 20:35:58.108985
400,mothering-sunday_600,2021-05-06 20:35:58.275000
401,mother-can-you-not_599,2021-05-06 20:35:58.275069
402,m-train_598,2021-05-06 20:35:58.275131
403,lilac-girls_597,2021-05-06 20:35:58.275190
404,lies-and-other-acts-of-love_596,2021-05-06 20:35:58.275249
405,lab-girl_595,2021-05-06 20:35:58.275308
406,keep-me-posted_594,2021-05-06 20:35:58.275366
407,it-didnt-start-with-you-how-inherited-family-trauma-shapes-who-we-are-and-how-to-end-the-cycle_593,2021-05-06 20:35:58.275421
408,grey-fifty-shades-4_592,2021-05-06 20:35:58.275478
409,exit-pursued-by-a-bear_591,2021-05-06 20:35:58.275538
410,daredevils_590,2021-05-06 20:35:58.275597
411,cravings-recipes-for-what-you-want-to-eat_589,2021-05-06 20:35:58.275654
412,born-for-this-how-to-find-the-work-you-were-meant-to-do_588,2021-05-06 20:35:58.275710
413,arena_587,2021-05-06 20:35:58.275766
414,adultery_586,2021-05-06 20:35:58.275822
415,a-mothers-reckoning-living-in-the-aftermath-of-tragedy_585,2021-05-06 20:35:58.275878
416,a-gentlemans-position-society-of-gentlemen-3_584,2021-05-06 20:35:58.275956
417,112263_583,2021-05-06 20:35:58.276016
418,10-happier-how-i-tamed-the-voice-in-my-head-reduced-stress-without-losing-my-edge-and-found-self-help-that-actually-works_582,2021-05-06 20:35:58.276076
419,10-day-green-smoothie-cleanse-lose-up-to-15-pounds-in-10-days_581,2021-05-06 20:35:58.276135
420,without-shame_580,2021-05-06 20:35:58.453501
421,watchmen_579,2021-05-06 20:35:58.453569
422,unlimited-intuition-now_578,2021-05-06 20:35:58.453630
423,underlying-notes_577,2021-05-06 20:35:58.453689
424,the-shack_576,2021-05-06 20:35:58.453747
425,the-new-brand-you-your-new-image-makes-the-sale-for-you_575,2021-05-06 20:35:58.453804
426,the-moosewood-cookbook-recipes-from-moosewood-restaurant-ithaca-new-york_574,2021-05-06 20:35:58.453861
427,the-flowers-lied_573,2021-05-06 20:35:58.453922
428,the-fabric-of-the-cosmos-space-time-and-the-texture-of-reality_572,2021-05-06 20:35:58.453982
429,the-book-of-mormon_571,2021-05-06 20:35:58.454093
430,the-art-and-science-of-low-carbohydrate-living_570,2021-05-06 20:35:58.454146
431,the-alien-club_569,2021-05-06 20:35:58.454196
432,suzie-snowflake-one-beautiful-flake-a-self-esteem-story_568,2021-05-06 20:35:58.454244
433,nap-a-roo_567,2021-05-06 20:35:58.454293
434,nano-what-now-finding-your-editing-process-revising-your-nanowrimo-book-and-building-a-writing-career-through-publishing-and-beyond_566,2021-05-06 20:35:58.454342
435,modern-day-fables_565,2021-05-06 20:35:58.454390
436,if-i-gave-you-gods-phone-number-searching-for-spirituality-in-america_564,2021-05-06 20:35:58.454442
437,fruits-basket-vol-9-fruits-basket-9_563,2021-05-06 20:35:58.454492
438,dress-your-family-in-corduroy-and-denim_562,2021-05-06 20:35:58.454540
439,dont-forget-steven_561,2021-05-06 20:35:58.454587
440,chernobyl-012340-the-incredible-true-story-of-the-worlds-worst-nuclear-disaster_560,2021-05-06 20:35:58.573410
441,art-and-fear-observations-on-the-perils-and-rewards-of-artmaking_559,2021-05-06 20:35:58.573476
442,a-shard-of-ice-the-black-symphony-saga-1_558,2021-05-06 20:35:58.573535
443,a-heros-curse-the-unseen-chronicles-1_557,2021-05-06 20:35:58.573593
444,23-degrees-south-a-tropical-tale-of-changing-whether_556,2021-05-06 20:35:58.573649
445,zero-to-one-notes-on-startups-or-how-to-build-the-future_555,2021-05-06 20:35:58.573710
446,why-not-me_554,2021-05-06 20:35:58.573770
447,when-breath-becomes-air_553,2021-05-06 20:35:58.573826
448,vagabonding-an-uncommon-guide-to-the-art-of-long-term-world-travel_552,2021-05-06 20:35:58.573882
449,the-unlikely-pilgrimage-of-harold-fry-harold-fry-1_551,2021-05-06 20:35:58.573938
450,the-new-drawing-on-the-right-side-of-the-brain_550,2021-05-06 20:35:58.573993
451,the-midnight-assassin-panic-scandal-and-the-hunt-for-americas-first-serial-killer_549,2021-05-06 20:35:58.574126
452,the-martian-the-martian-1_548,2021-05-06 20:35:58.574241
453,the-high-mountains-of-portugal_547,2021-05-06 20:35:58.574347
454,the-grownup_546,2021-05-06 20:35:58.574414
455,the-e-myth-revisited-why-most-small-businesses-dont-work-and-what-to-do-about-it_545,2021-05-06 20:35:58.574465
456,south-of-sunshine_544,2021-05-06 20:35:58.574515
457,smarter-faster-better-the-secrets-of-being-productive-in-life-and-business_543,2021-05-06 20:35:58.574564
458,silence-in-the-dark-logan-point-4_542,2021-05-06 20:35:58.574633
459,shadows-of-the-past-logan-point-1_541,2021-05-06 20:35:58.574697
460,roller-girl_540,2021-05-06 20:35:58.721271
461,rising-strong_539,2021-05-06 20:35:58.721339
462,proofs-of-god-classical-arguments-from-tertullian-to-barth_538,2021-05-06 20:35:58.721400
463,please-kill-me-the-uncensored-oral-history-of-punk_537,2021-05-06 20:35:58.721463
464,out-of-print-city-lights-spotlight-no-14_536,2021-05-06 20:35:58.721525
465,my-life-next-door-my-life-next-door_535,2021-05-06 20:35:58.721583
466,millers-valley_534,2021-05-06 20:35:58.721639
467,mans-search-for-meaning_533,2021-05-06 20:35:58.721696
468,love-that-boy-what-two-presidents-eight-road-trips-and-my-son-taught-me-about-a-parents-expectations_532,2021-05-06 20:35:58.721752
469,living-forward-a-proven-plan-to-stop-drifting-and-get-the-life-you-want_531,2021-05-06 20:35:58.721807
470,les-fleurs-du-mal_530,2021-05-06 20:35:58.721862
471,left-behind-left-behind-1_529,2021-05-06 20:35:58.721917
472,kill-em-and-leave-searching-for-james-brown-and-the-american-soul_528,2021-05-06 20:35:58.721975
473,kierkegaard-a-christian-missionary-to-christians_527,2021-05-06 20:35:58.722053
474,john-vassos-industrial-design-for-modern-life_526,2021-05-06 20:35:58.722113
475,ill-give-you-the-sun_525,2021-05-06 20:35:58.722169
476,i-will-find-you_524,2021-05-06 20:35:58.722225
477,hystopia-a-novel_523,2021-05-06 20:35:58.722280
478,howl-and-other-poems_522,2021-05-06 20:35:58.722335
479,history-of-beauty_521,2021-05-06 20:35:58.722390
480,heaven-is-for-real-a-little-boys-astounding-story-of-his-trip-to-heaven-and-back_520,2021-05-06 20:35:58.846899
481,future-shock-future-shock-1_519,2021-05-06 20:35:58.846967
482,enders-game-the-ender-quintet-1_518,2021-05-06 20:35:58.847042
483,diary-of-a-citizen-scientist-chasing-tiger-beetles-and-other-new-ways-of-engaging-the-world_517,2021-05-06 20:35:58.847109
484,death-by-leisure-a-cautionary-tale_516,2021-05-06 20:35:58.847167
485,brilliant-beacons-a-history-of-the-american-lighthouse_515,2021-05-06 20:35:58.847225
486,brazen-the-courage-to-find-the-you-thats-been-hiding_514,2021-05-06 20:35:58.847281
487,between-the-world-and-me_513,2021-05-06 20:35:58.847338
488,being-mortal-medicine-and-what-matters-in-the-end_512,2021-05-06 20:35:58.847394
489,a-murder-over-a-girl-justice-gender-junior-high_511,2021-05-06 20:35:58.847450
490,32-yolks_510,2021-05-06 20:35:58.847509
491,most-blessed-of-the-patriarchs-thomas-jefferson-and-the-empire-of-the-imagination_509,2021-05-06 20:35:58.847569
492,you-are-a-badass-how-to-stop-doubting-your-greatness-and-start-living-an-awesome-life_508,2021-05-06 20:35:58.847627
493,wildlife-of-new-york-a-five-borough-coloring-book_507,2021-05-06 20:35:58.847682
494,what-happened-on-beale-street-secrets-of-the-south-mysteries-2_506,2021-05-06 20:35:58.847737
495,unreasonable-hope-finding-faith-in-the-god-who-brings-purpose-to-your-pain_505,2021-05-06 20:35:58.847792
496,under-the-tuscan-sun_504,2021-05-06 20:35:58.847847
497,toddlers-are-aholes-its-not-your-fault_503,2021-05-06 20:35:58.847902
498,the-year-of-living-biblically-one-mans-humble-quest-to-follow-the-bible-as-literally-as-possible_502,2021-05-06 20:35:58.848018
499,the-whale_501,2021-05-06 20:35:58.848083
500,the-story-of-art_500,2021-05-06 20:35:58.979803
501,the-origin-of-species_499,2021-05-06 20:35:58.979910
502,the-great-gatsby_498,2021-05-06 20:35:58.979966
503,the-good-girl_497,2021-05-06 20:35:58.980038
504,the-glass-castle_496,2021-05-06 20:35:58.980108
505,the-faith-of-christopher-hitchens-the-restless-soul-of-the-worlds-most-notorious-atheist_495,2021-05-06 20:35:58.980169
506,the-drowning-girls_494,2021-05-06 20:35:58.980229
507,the-constant-princess-the-tudor-court-1_493,2021-05-06 20:35:58.980290
508,the-bourne-identity-jason-bourne-1_492,2021-05-06 20:35:58.980349
509,the-bachelor-girls-guide-to-murder-herringford-and-watts-mysteries-1_491,2021-05-06 20:35:58.980412
510,the-art-book_490,2021-05-06 20:35:58.980474
511,the-7-habits-of-highly-effective-people-powerful-lessons-in-personal-change_489,2021-05-06 20:35:58.980528
512,team-of-rivals-the-political-genius-of-abraham-lincoln_488,2021-05-06 20:35:58.980580
513,steal-like-an-artist-10-things-nobody-told-you-about-being-creative_487,2021-05-06 20:35:58.980631
514,sit-stay-love_486,2021-05-06 20:35:58.980682
515,sister-dear_485,2021-05-06 20:35:58.980733
516,shrunken-treasures-literary-classics-short-sweet-and-silly_484,2021-05-06 20:35:58.980783
517,rich-dad-poor-dad_483,2021-05-06 20:35:58.980872
518,raymie-nightingale_482,2021-05-06 20:35:58.980940
519,playing-from-the-heart_481,2021-05-06 20:35:58.981016
520,nightstruck-a-novel_480,2021-05-06 20:35:59.154855
521,naturally-lean-125-nourishing-gluten-free-plant-based-recipes-all-under-300-calories_479,2021-05-06 20:35:59.154923
522,meternity_478,2021-05-06 20:35:59.155019
523,memoirs-of-a-geisha_477,2021-05-06 20:35:59.155080
524,like-never-before-walker-family-2_476,2021-05-06 20:35:59.155138
525,life-of-pi_475,2021-05-06 20:35:59.155195
526,leave-this-song-behind-teen-poetry-at-its-best_474,2021-05-06 20:35:59.155253
527,kings-folly-the-kinsman-chronicles-1_473,2021-05-06 20:35:59.155314
528,john-adams_472,2021-05-06 20:35:59.155374
529,how-to-cook-everything-vegetarian-simple-meatless-recipes-for-great-food-how-to-cook-everything_471,2021-05-06 20:35:59.155431
530,how-to-be-a-domestic-goddess-baking-and-the-art-of-comfort-cooking_470,2021-05-06 20:35:59.155487
531,good-in-bed-cannie-shapiro-1_469,2021-05-06 20:35:59.155544
532,fruits-basket-vol-7-fruits-basket-7_468,2021-05-06 20:35:59.155599
533,for-the-love-fighting-for-grace-in-a-world-of-impossible-standards_467,2021-05-06 20:35:59.155655
534,finding-god-in-the-ruins-how-god-redeems-pain_466,2021-05-06 20:35:59.155731
535,every-heart-a-doorway-every-heart-a-doorway-1_465,2021-05-06 20:35:59.155789
536,delivering-the-truth-quaker-midwife-mystery-1_464,2021-05-06 20:35:59.155848
537,counted-with-the-stars-out-from-egypt-1_463,2021-05-06 20:35:59.155907
538,chronicles-vol-1_462,2021-05-06 20:35:59.155964
539,blue-like-jazz-nonreligious-thoughts-on-christian-spirituality_461,2021-05-06 20:35:59.156019
540,benjamin-franklin-an-american-life_460,2021-05-06 20:35:59.285528
541,at-the-existentialist-cafe-freedom-being-and-apricot-cocktails-with-jean-paul-sartre-simone-de-beauvoir-albert-camus-martin-heidegger-edmund-husserl-karl-jaspers-maurice-merleau-ponty-and-others_459,2021-05-06 20:35:59.285596
542,a-summer-in-europe_458,2021-05-06 20:35:59.285675
543,a-short-history-of-nearly-everything_457,2021-05-06 20:35:59.285736
544,a-gathering-of-shadows-shades-of-magic-2_456,2021-05-06 20:35:59.285792
545,the-sound-of-love_455,2021-05-06 20:35:59.285852
546,the-rise-and-fall-of-the-third-reich-a-history-of-nazi-germany_454,2021-05-06 20:35:59.285912
547,the-perks-of-being-a-wallflower_453,2021-05-06 20:35:59.285968
548,the-mysterious-affair-at-styles-hercule-poirot-1_452,2021-05-06 20:35:59.286023
549,the-man-who-mistook-his-wife-for-a-hat-and-other-clinical-tales_451,2021-05-06 20:35:59.286079
550,the-makings-of-a-fatherless-child_450,2021-05-06 20:35:59.286134
551,the-joy-of-cooking_449,2021-05-06 20:35:59.286189
552,the-invention-of-wings_448,2021-05-06 20:35:59.286243
553,the-hobbit-middle-earth-universe_447,2021-05-06 20:35:59.286297
554,the-great-railway-bazaar_446,2021-05-06 20:35:59.286354
555,the-golden-compass-his-dark-materials-1_445,2021-05-06 20:35:59.286412
556,the-god-delusion_444,2021-05-06 20:35:59.286467
557,the-girl-you-left-behind-the-girl-you-left-behind-1_443,2021-05-06 20:35:59.286522
558,the-fellowship-of-the-ring-the-lord-of-the-rings-1_442,2021-05-06 20:35:59.286575
559,the-collected-poems-of-wb-yeats-the-collected-works-of-wb-yeats-1_441,2021-05-06 20:35:59.286642
560,the-barefoot-contessa-cookbook_440,2021-05-06 20:35:59.438056
561,tell-the-wolves-im-home_439,2021-05-06 20:35:59.438130
562,ship-leaves-harbor-essays-on-travel-by-a-recovering-journeyman_438,2021-05-06 20:35:59.438202
563,pride-and-prejudice_437,2021-05-06 20:35:59.438271
564,musicophilia-tales-of-music-and-the-brain_436,2021-05-06 20:35:59.438333
565,mere-christianity_435,2021-05-06 20:35:59.438393
566,me-before-you-me-before-you-1_434,2021-05-06 20:35:59.438452
567,in-the-woods-dublin-murder-squad-1_433,2021-05-06 20:35:59.438508
568,in-cold-blood_432,2021-05-06 20:35:59.438565
569,how-to-stop-worrying-and-start-living_431,2021-05-06 20:35:59.438622
570,give-it-back_430,2021-05-06 20:35:59.438678
571,girl-interrupted_429,2021-05-06 20:35:59.438734
572,fun-home-a-family-tragicomic_428,2021-05-06 20:35:59.438793
573,fruits-basket-vol-6-fruits-basket-6_427,2021-05-06 20:35:59.438854
574,deception-point_426,2021-05-06 20:35:59.438910
575,death-note-vol-6-give-and-take-death-note-6_425,2021-05-06 20:35:59.438967
576,catherine-the-great-portrait-of-a-woman_424,2021-05-06 20:35:59.439023
577,better-homes-and-gardens-new-cook-book_423,2021-05-06 20:35:59.439080
578,an-unquiet-mind-a-memoir-of-moods-and-madness_422,2021-05-06 20:35:59.439153
579,a-year-in-provence-provence-1_421,2021-05-06 20:35:59.439214
580,world-without-end-the-pillars-of-the-earth-2_420,2021-05-06 20:35:59.569256
581,will-grayson-will-grayson-will-grayson-will-grayson_419,2021-05-06 20:35:59.569334
582,why-save-the-bankers-and-other-essays-on-our-economic-and-political-crisis_418,2021-05-06 20:35:59.569401
583,where-she-went-if-i-stay-2_417,2021-05-06 20:35:59.569463
584,what-if-serious-scientific-answers-to-absurd-hypothetical-questions_416,2021-05-06 20:35:59.569525
585,two-summers_415,2021-05-06 20:35:59.569586
586,this-is-your-brain-on-music-the-science-of-a-human-obsession_414,2021-05-06 20:35:59.569679
587,the-secret-garden_413,2021-05-06 20:35:59.569748
588,the-raven-king-the-raven-cycle-4_412,2021-05-06 20:35:59.569826
589,the-raven-boys-the-raven-cycle-1_411,2021-05-06 20:35:59.569890
590,the-power-greens-cookbook-140-delicious-superfood-recipes_410,2021-05-06 20:35:59.569952
591,the-metamorphosis_409,2021-05-06 20:35:59.570015
592,the-mathews-men-seven-brothers-and-the-war-against-hitlers-u-boats_408,2021-05-06 20:35:59.570073
593,the-little-paris-bookshop_407,2021-05-06 20:35:59.570148
594,the-hiding-place_406,2021-05-06 20:35:59.570213
595,the-grand-design_405,2021-05-06 20:35:59.570272
596,the-firm_404,2021-05-06 20:35:59.570329
597,the-fault-in-our-stars_403,2021-05-06 20:35:59.570385
598,the-false-prince-the-ascendance-trilogy-1_402,2021-05-06 20:35:59.570441
599,the-expatriates_401,2021-05-06 20:35:59.570492
600,the-dream-thieves-the-raven-cycle-2_400,2021-05-06 20:35:59.737160
601,the-darkest-corners_399,2021-05-06 20:35:59.737307
602,the-crossover_398,2021-05-06 20:35:59.737400
603,the-5th-wave-the-5th-wave-1_397,2021-05-06 20:35:59.737493
604,tell-the-wind-and-fire_396,2021-05-06 20:35:59.737580
605,tell-me-three-things_395,2021-05-06 20:35:59.737647
606,talking-to-girls-about-duran-duran-one-young-mans-quest-for-true-love-and-a-cooler-haircut_394,2021-05-06 20:35:59.737730
607,siddhartha_393,2021-05-06 20:35:59.737803
608,shiver-the-wolves-of-mercy-falls-1_392,2021-05-06 20:35:59.737879
609,remember-me_391,2021-05-06 20:35:59.737951
610,red-dragon-hannibal-lecter-1_390,2021-05-06 20:35:59.738015
611,peak-secrets-from-the-new-science-of-expertise_389,2021-05-06 20:35:59.738074
612,my-mother-was-nuts_388,2021-05-06 20:35:59.738134
613,mexican-today-new-and-rediscovered-recipes-for-contemporary-kitchens_387,2021-05-06 20:35:59.738220
614,maybe-something-beautiful-how-art-transformed-a-neighborhood_386,2021-05-06 20:35:59.738283
615,lola-and-the-boy-next-door-anna-and-the-french-kiss-2_385,2021-05-06 20:35:59.738340
616,logan-kade-fallen-crest-high-55_384,2021-05-06 20:35:59.738394
617,last-one-home-new-beginnings-1_383,2021-05-06 20:35:59.738446
618,killing-floor-jack-reacher-1_382,2021-05-06 20:35:59.738500
619,kill-the-boy-band_381,2021-05-06 20:35:59.738554
620,isla-and-the-happily-ever-after-anna-and-the-french-kiss-3_380,2021-05-06 20:35:59.902277
621,if-i-stay-if-i-stay-1_379,2021-05-06 20:35:59.902342
622,i-know-why-the-caged-bird-sings-maya-angelous-autobiography-1_378,2021-05-06 20:35:59.902397
623,harry-potter-and-the-deathly-hallows-harry-potter-7_377,2021-05-06 20:35:59.902450
624,fruits-basket-vol-5-fruits-basket-5_376,2021-05-06 20:35:59.902533
625,foundation-foundation-publication-order-1_375,2021-05-06 20:35:59.902596
626,fool-me-once_374,2021-05-06 20:35:59.902654
627,find-her-detective-dd-warren-8_373,2021-05-06 20:35:59.902718
628,evicted-poverty-and-profit-in-the-american-city_372,2021-05-06 20:35:59.902780
629,drama_371,2021-05-06 20:35:59.902839
630,dracula-the-un-dead_370,2021-05-06 20:35:59.902897
631,digital-fortress_369,2021-05-06 20:35:59.902962
632,death-note-vol-5-whiteout-death-note-5_368,2021-05-06 20:35:59.903019
633,data-a-love-story-how-i-gamed-online-dating-to-meet-my-match_367,2021-05-06 20:35:59.903078
634,critique-of-pure-reason_366,2021-05-06 20:35:59.903135
635,booked_365,2021-05-06 20:35:59.903191
636,blue-lily-lily-blue-the-raven-cycle-3_364,2021-05-06 20:35:59.903252
637,approval-junkie-adventures-in-caring-too-much_363,2021-05-06 20:35:59.903313
638,an-abundance-of-katherines_362,2021-05-06 20:35:59.903371
639,americas-war-for-the-greater-middle-east-a-military-history_361,2021-05-06 20:35:59.903427
640,alight-the-generations-trilogy-2_360,2021-05-06 20:36:00.047308
641,a-girls-guide-to-moving-on-new-beginnings-2_359,2021-05-06 20:36:00.047372
642,a-game-of-thrones-a-song-of-ice-and-fire-1_358,2021-05-06 20:36:00.047434
643,a-feast-for-crows-a-song-of-ice-and-fire-4_357,2021-05-06 20:36:00.047519
644,a-clash-of-kings-a-song-of-ice-and-fire-2_356,2021-05-06 20:36:00.047579
645,vogue-colors-a-to-z-a-fashion-coloring-book_355,2021-05-06 20:36:00.047638
646,the-shining-the-shining-1_354,2021-05-06 20:36:00.047693
647,the-pilgrims-progress_353,2021-05-06 20:36:00.047745
648,the-perfect-play-play-by-play-1_352,2021-05-06 20:36:00.047796
649,the-passion-of-dolssa_351,2021-05-06 20:36:00.047871
650,the-jazz-of-physics-the-secret-link-between-music-and-the-structure-of-the-universe_350,2021-05-06 20:36:00.047936
651,the-hunger-games-the-hunger-games-1_349,2021-05-06 20:36:00.047996
652,the-hound-of-the-baskervilles-sherlock-holmes-5_348,2021-05-06 20:36:00.048055
653,the-gunning-of-america-business-and-the-making-of-american-gun-culture_347,2021-05-06 20:36:00.048115
654,the-geography-of-bliss-one-grumps-search-for-the-happiest-places-in-the-world_346,2021-05-06 20:36:00.048175
655,the-demonists-demonist-1_345,2021-05-06 20:36:00.048236
656,the-demon-prince-of-momochi-house-vol-4-the-demon-prince-of-momochi-house-4_344,2021-05-06 20:36:00.048295
657,the-bone-hunters-lexy-vaughan-steven-macaulay-2_343,2021-05-06 20:36:00.048352
658,the-beast-black-dagger-brotherhood-14_342,2021-05-06 20:36:00.048410
659,some-women_341,2021-05-06 20:36:00.048485
660,shopaholic-ties-the-knot-shopaholic-3_340,2021-05-06 20:36:00.187216
661,paper-and-fire-the-great-library-2_339,2021-05-06 20:36:00.187352
662,outlander-outlander-1_338,2021-05-06 20:36:00.187450
663,orchestra-of-exiles-the-story-of-bronislaw-huberman-the-israel-philharmonic-and-the-one-thousand-jews-he-saved-from-nazi-horrors_337,2021-05-06 20:36:00.187558
664,no-one-here-gets-out-alive_336,2021-05-06 20:36:00.187639
665,night-shift-night-shift-1-20_335,2021-05-06 20:36:00.187694
666,needful-things_334,2021-05-06 20:36:00.187745
667,mockingjay-the-hunger-games-3_333,2021-05-06 20:36:00.187799
668,misery_332,2021-05-06 20:36:00.187851
669,little-women-little-women-1_331,2021-05-06 20:36:00.187902
670,it_330,2021-05-06 20:36:00.187953
671,harry-potter-and-the-sorcerers-stone-harry-potter-1_329,2021-05-06 20:36:00.188020
672,harry-potter-and-the-prisoner-of-azkaban-harry-potter-3_328,2021-05-06 20:36:00.188087
673,harry-potter-and-the-order-of-the-phoenix-harry-potter-5_327,2021-05-06 20:36:00.188144
674,harry-potter-and-the-half-blood-prince-harry-potter-6_326,2021-05-06 20:36:00.188196
675,harry-potter-and-the-chamber-of-secrets-harry-potter-2_325,2021-05-06 20:36:00.188246
676,gone-with-the-wind_324,2021-05-06 20:36:00.188302
677,god-is-not-great-how-religion-poisons-everything_323,2021-05-06 20:36:00.188354
678,girl-with-a-pearl-earring_322,2021-05-06 20:36:00.188405
679,fruits-basket-vol-4-fruits-basket-4_321,2021-05-06 20:36:00.188457
680,far-from-true-promise-falls-trilogy-2_320,2021-05-06 20:36:00.331528
681,dark-lover-black-dagger-brotherhood-1_319,2021-05-06 20:36:00.331664
682,confessions-of-a-shopaholic-shopaholic-1_318,2021-05-06 20:36:00.331751
683,changing-the-game-play-by-play-2_317,2021-05-06 20:36:00.331842
684,candide_316,2021-05-06 20:36:00.331972
685,can-you-keep-a-secret_315,2021-05-06 20:36:00.332104
686,atlas-shrugged_314,2021-05-06 20:36:00.332186
687,animal-farm_313,2021-05-06 20:36:00.332251
688,a-walk-to-remember_312,2021-05-06 20:36:00.332324
689,a-new-earth-awakening-to-your-lifes-purpose_311,2021-05-06 20:36:00.332391
690,a-history-of-god-the-4000-year-quest-of-judaism-christianity-and-islam_310,2021-05-06 20:36:00.332464
691,salems-lot_309,2021-05-06 20:36:00.332530
692,zero-history-blue-ant-3_308,2021-05-06 20:36:00.332582
693,wuthering-heights_307,2021-05-06 20:36:00.332633
694,world-war-z-an-oral-history-of-the-zombie-war_306,2021-05-06 20:36:00.332683
695,wild-from-lost-to-found-on-the-pacific-crest-trail_305,2021-05-06 20:36:00.332736
696,whered-you-go-bernadette_304,2021-05-06 20:36:00.332789
697,when-you-are-engulfed-in-flames_303,2021-05-06 20:36:00.332903
698,we-the-people-the-modern-day-figures-who-have-reshaped-and-affirmed-the-founding-fathers-vision-of-america_302,2021-05-06 20:36:00.332969
699,we-are-all-completely-beside-ourselves_301,2021-05-06 20:36:00.333029
700,walk-the-edge-thunder-road-2_300,2021-05-06 20:36:00.460671
701,voyager-outlander-3_299,2021-05-06 20:36:00.460756
702,very-good-lives-the-fringe-benefits-of-failure-and-the-importance-of-imagination_298,2021-05-06 20:36:00.460832
703,vegan-vegetarian-omnivore-dinner-for-everyone-at-the-table_297,2021-05-06 20:36:00.460893
704,unstuffed-decluttering-your-home-mind-and-soul_296,2021-05-06 20:36:00.460976
705,under-the-banner-of-heaven-a-story-of-violent-faith_295,2021-05-06 20:36:00.461065
706,two-boys-kissing_294,2021-05-06 20:36:00.461145
707,twilight-twilight-1_293,2021-05-06 20:36:00.461225
708,twenties-girl_292,2021-05-06 20:36:00.461373
709,trespassing-across-america-one-mans-epic-never-done-before-and-sort-of-illegal-hike-across-the-heartland_291,2021-05-06 20:36:00.461471
710,three-martini-lunch_290,2021-05-06 20:36:00.461553
711,thinking-fast-and-slow_289,2021-05-06 20:36:00.461636
712,the-wild-robot_288,2021-05-06 20:36:00.461712
713,the-wicked-the-divine-vol-3-commercial-suicide-the-wicked-the-divine_287,2021-05-06 20:36:00.461807
714,the-undomestic-goddess_286,2021-05-06 20:36:00.462018
715,the-travelers_285,2021-05-06 20:36:00.462088
716,the-tipping-point-how-little-things-can-make-a-big-difference_284,2021-05-06 20:36:00.462152
717,the-thing-about-jellyfish_283,2021-05-06 20:36:00.462206
718,the-stand_282,2021-05-06 20:36:00.462312
719,the-smitten-kitchen-cookbook_281,2021-05-06 20:36:00.462380
720,the-silkworm-cormoran-strike-2_280,2021-05-06 20:36:00.585560
721,the-sandman-vol-3-dream-country-the-sandman-volumes-3_279,2021-05-06 20:36:00.585630
722,the-rose-the-dagger-the-wrath-and-the-dawn-2_278,2021-05-06 20:36:00.585693
723,the-road-to-little-dribbling-adventures-of-an-american-in-britain-notes-from-a-small-island-2_277,2021-05-06 20:36:00.585746
724,the-rise-of-theodore-roosevelt-theodore-roosevelt-1_276,2021-05-06 20:36:00.585797
725,the-restaurant-at-the-end-of-the-universe-hitchhikers-guide-to-the-galaxy-2_275,2021-05-06 20:36:00.585847
726,the-rest-is-noise-listening-to-the-twentieth-century_274,2021-05-06 20:36:00.585923
727,the-red-tent_273,2021-05-06 20:36:00.585996
728,the-purpose-driven-life-what-on-earth-am-i-here-for_272,2021-05-06 20:36:00.586057
729,the-purest-hook-second-circle-tattoos-3_271,2021-05-06 20:36:00.586115
730,the-picture-of-dorian-gray_270,2021-05-06 20:36:00.586172
731,the-paris-wife_269,2021-05-06 20:36:00.586235
732,the-obsession_268,2021-05-06 20:36:00.586301
733,the-nightingale_267,2021-05-06 20:36:00.586368
734,the-new-guy-and-other-senior-year-distractions_266,2021-05-06 20:36:00.586431
735,the-nanny-diaries-nanny-1_265,2021-05-06 20:36:00.586494
736,the-name-of-god-is-mercy_264,2021-05-06 20:36:00.586558
737,the-maze-runner-the-maze-runner-1_263,2021-05-06 20:36:00.586623
738,the-lovers-dictionary_262,2021-05-06 20:36:00.586685
739,the-lonely-ones_261,2021-05-06 20:36:00.586741
740,the-lean-startup-how-todays-entrepreneurs-use-continuous-innovation-to-create-radically-successful-businesses_260,2021-05-06 20:36:00.713437
741,the-last-painting-of-sara-de-vos_259,2021-05-06 20:36:00.713503
742,the-land-of-10000-madonnas_258,2021-05-06 20:36:00.713562
743,the-infinities_257,2021-05-06 20:36:00.713613
744,the-husbands-secret_256,2021-05-06 20:36:00.713662
745,the-hitchhikers-guide-to-the-galaxy-hitchhikers-guide-to-the-galaxy-1_255,2021-05-06 20:36:00.713715
746,the-guns-of-august_254,2021-05-06 20:36:00.713766
747,the-guernsey-literary-and-potato-peel-pie-society_253,2021-05-06 20:36:00.713841
748,the-goldfinch_252,2021-05-06 20:36:00.713900
749,the-giver-the-giver-quartet-1_251,2021-05-06 20:36:00.713956
750,the-girl-with-all-the-gifts_250,2021-05-06 20:36:00.714011
751,the-girl-who-played-with-fire-millennium-trilogy-2_249,2021-05-06 20:36:00.714067
752,the-girl-who-kicked-the-hornets-nest-millennium-trilogy-3_248,2021-05-06 20:36:00.714122
753,the-exiled_247,2021-05-06 20:36:00.714195
754,the-end-of-faith-religion-terror-and-the-future-of-reason_246,2021-05-06 20:36:00.714255
755,the-elegant-universe-superstrings-hidden-dimensions-and-the-quest-for-the-ultimate-theory_245,2021-05-06 20:36:00.714313
756,the-disappearing-spoon-and-other-true-tales-of-madness-love-and-the-history-of-the-world-from-the-periodic-table-of-the-elements_244,2021-05-06 20:36:00.714369
757,the-devil-wears-prada-the-devil-wears-prada-1_243,2021-05-06 20:36:00.714424
758,the-demon-haunted-world-science-as-a-candle-in-the-dark_242,2021-05-06 20:36:00.714479
759,the-day-the-crayons-came-home-crayons_241,2021-05-06 20:36:00.714534
760,the-da-vinci-code-robert-langdon-2_240,2021-05-06 20:36:00.832639
761,the-cuckoos-calling-cormoran-strike-1_239,2021-05-06 20:36:00.832699
762,the-complete-stories-and-poems-the-works-of-edgar-allan-poe-cameo-edition_238,2021-05-06 20:36:00.832752
763,the-complete-poems_237,2021-05-06 20:36:00.832808
764,the-catcher-in-the-rye_236,2021-05-06 20:36:00.832861
765,the-cat-in-the-hat-beginner-books-b-1_235,2021-05-06 20:36:00.832911
766,the-case-for-christ-cases-for-christianity_234,2021-05-06 20:36:00.832960
767,the-book-thief_233,2021-05-06 20:36:00.833009
768,the-book-of-basketball-the-nba-according-to-the-sports-guy_232,2021-05-06 20:36:00.833058
769,the-blind-side-evolution-of-a-game_231,2021-05-06 20:36:00.833106
770,the-autobiography-of-malcolm-x_230,2021-05-06 20:36:00.833175
771,the-art-of-simple-food-notes-lessons-and-recipes-from-a-delicious-revolution_229,2021-05-06 20:36:00.833232
772,the-art-of-fielding_228,2021-05-06 20:36:00.833308
773,surely-youre-joking-mr-feynman-adventures-of-a-curious-character_227,2021-05-06 20:36:00.833372
774,stiff-the-curious-lives-of-human-cadavers_226,2021-05-06 20:36:00.833429
775,spilled-milk-based-on-a-true-story_225,2021-05-06 20:36:00.833487
776,something-borrowed-darcy-rachel-1_224,2021-05-06 20:36:00.833537
777,something-blue-darcy-rachel-2_223,2021-05-06 20:36:00.833584
778,soldier-talon-3_222,2021-05-06 20:36:00.833631
779,shopaholic-baby-shopaholic-5_221,2021-05-06 20:36:00.833679
780,seven-days-in-the-art-world_220,2021-05-06 20:36:00.961915
781,seven-brief-lessons-on-physics_219,2021-05-06 20:36:00.961982
782,scarlet-the-lunar-chronicles-2_218,2021-05-06 20:36:00.962038
783,sarahs-key_217,2021-05-06 20:36:00.962090
784,saga-volume-3-saga-collected-editions-3_216,2021-05-06 20:36:00.962142
785,running-with-scissors_215,2021-05-06 20:36:00.962193
786,rogue-lawyer-rogue-lawyer-1_214,2021-05-06 20:36:00.962307
787,rise-of-the-rocket-girls-the-women-who-propelled-us-from-missiles-to-the-moon-to-mars_213,2021-05-06 20:36:00.962403
788,rework_212,2021-05-06 20:36:00.962453
789,reservations-for-two_211,2021-05-06 20:36:00.962503
790,red-the-true-story-of-red-riding-hood_210,2021-05-06 20:36:00.962594
791,ready-player-one_209,2021-05-06 20:36:00.962646
792,quiet-the-power-of-introverts-in-a-world-that-cant-stop-talking_208,2021-05-06 20:36:00.962696
793,prodigy-the-graphic-novel-legend-the-graphic-novel-2_207,2021-05-06 20:36:00.962745
794,persepolis-the-story-of-a-childhood-persepolis-1-2_206,2021-05-06 20:36:00.962799
795,packing-for-mars-the-curious-science-of-life-in-the-void_205,2021-05-06 20:36:00.962848
796,outliers-the-story-of-success_204,2021-05-06 20:36:00.962896
797,original-fake_203,2021-05-06 20:36:00.962943
798,orange-is-the-new-black_202,2021-05-06 20:36:00.962992
799,one-for-the-money-stephanie-plum-1_201,2021-05-06 20:36:00.963039
800,notes-from-a-small-island-notes-from-a-small-island-1_200,2021-05-06 20:36:01.158079
801,night-the-night-trilogy-1_199,2021-05-06 20:36:01.158140
802,neither-here-nor-there-travels-in-europe_198,2021-05-06 20:36:01.158192
803,naked_197,2021-05-06 20:36:01.158243
804,morning-star-red-rising-3_196,2021-05-06 20:36:01.158293
805,miracles-from-heaven-a-little-girl-her-journey-to-heaven-and-her-amazing-story-of-healing_195,2021-05-06 20:36:01.158342
806,midnight-riot-peter-grant-rivers-of-london-books-1_194,2021-05-06 20:36:01.158389
807,me-talk-pretty-one-day_193,2021-05-06 20:36:01.158437
808,manuscript-found-in-accra_192,2021-05-06 20:36:01.158485
809,lust-wonder_191,2021-05-06 20:36:01.158535
810,lila-gilead-3_190,2021-05-06 20:36:01.158586
811,life-the-universe-and-everything-hitchhikers-guide-to-the-galaxy-3_189,2021-05-06 20:36:01.158634
812,life-without-a-recipe_188,2021-05-06 20:36:01.158682
813,life-after-life_187,2021-05-06 20:36:01.158757
814,letter-to-a-christian-nation_186,2021-05-06 20:36:01.158810
815,lets-pretend-this-never-happened-a-mostly-true-memoir_185,2021-05-06 20:36:01.158860
816,legend-legend-1_184,2021-05-06 20:36:01.158909
817,lean-in-women-work-and-the-will-to-lead_183,2021-05-06 20:36:01.158957
818,lamb-the-gospel-according-to-biff-christs-childhood-pal_182,2021-05-06 20:36:01.159008
819,lady-renegades-rebel-belle-3_181,2021-05-06 20:36:01.159058
820,jurassic-park-jurassic-park-1_180,2021-05-06 20:36:01.300506
821,its-never-too-late-to-begin-again-discovering-creativity-and-meaning-at-midlife-and-beyond_179,2021-05-06 20:36:01.300571
822,is-everyone-hanging-out-without-me-and-other-concerns_178,2021-05-06 20:36:01.300631
823,into-the-wild_177,2021-05-06 20:36:01.300687
824,inferno-robert-langdon-4_176,2021-05-06 20:36:01.300743
825,in-the-garden-of-beasts-love-terror-and-an-american-family-in-hitlers-berlin_175,2021-05-06 20:36:01.300798
826,if-i-run-if-i-run-1_174,2021-05-06 20:36:01.300853
827,ive-got-your-number_173,2021-05-06 20:36:01.300911
828,i-am-malala-the-girl-who-stood-up-for-education-and-was-shot-by-the-taliban_172,2021-05-06 20:36:01.300969
829,hungry-girl-clean-hungry-easy-all-natural-recipes-for-healthy-eating-in-the-real-world_171,2021-05-06 20:36:01.301024
830,house-of-lost-worlds-dinosaurs-dynasties-and-the-story-of-life-on-earth_170,2021-05-06 20:36:01.301080
831,house-of-leaves_169,2021-05-06 20:36:01.301150
832,horrible-bear_168,2021-05-06 20:36:01.301212
833,holidays-on-ice_167,2021-05-06 20:36:01.301267
834,heir-to-the-sky_166,2021-05-06 20:36:01.301322
835,green-eggs-and-ham-beginner-books-b-16_165,2021-05-06 20:36:01.301377
836,grayson-vol-3-nemesis-grayson-3_164,2021-05-06 20:36:01.301434
837,gratitude_163,2021-05-06 20:36:01.301492
838,gone-girl_162,2021-05-06 20:36:01.301547
839,golden-heart-of-dread-3_161,2021-05-06 20:36:01.301602
840,girl-in-the-blue-coat_160,2021-05-06 20:36:01.423086
841,fruits-basket-vol-3-fruits-basket-3_159,2021-05-06 20:36:01.423152
842,friday-night-lights-a-town-a-team-and-a-dream_158,2021-05-06 20:36:01.423232
843,fire-bound-sea-havensisters-of-the-heart-5_157,2021-05-06 20:36:01.423292
844,fifty-shades-freed-fifty-shades-3_156,2021-05-06 20:36:01.423350
845,fellside_155,2021-05-06 20:36:01.423410
846,extreme-prey-lucas-davenport-26_154,2021-05-06 20:36:01.423470
847,eragon-the-inheritance-cycle-1_153,2021-05-06 20:36:01.423526
848,eclipse-twilight-3_152,2021-05-06 20:36:01.423582
849,dune-dune-1_151,2021-05-06 20:36:01.423638
850,dracula_150,2021-05-06 20:36:01.423693
851,do-androids-dream-of-electric-sheep-blade-runner-1_149,2021-05-06 20:36:01.423748
852,disrupted-my-misadventure-in-the-start-up-bubble_148,2021-05-06 20:36:01.423803
853,dead-wake-the-last-crossing-of-the-lusitania_147,2021-05-06 20:36:01.423857
854,david-and-goliath-underdogs-misfits-and-the-art-of-battling-giants_146,2021-05-06 20:36:01.423915
855,darkfever-fever-1_145,2021-05-06 20:36:01.423973
856,dark-places_144,2021-05-06 20:36:01.424029
857,crazy-rich-asians-crazy-rich-asians-1_143,2021-05-06 20:36:01.424083
858,counting-thyme_142,2021-05-06 20:36:01.424138
859,cosmos_141,2021-05-06 20:36:01.424210
860,civilization-and-its-discontents_140,2021-05-06 20:36:01.559687
861,cinder-the-lunar-chronicles-1_139,2021-05-06 20:36:01.559746
862,catastrophic-happiness-finding-joy-in-childhoods-messy-years_138,2021-05-06 20:36:01.559800
863,career-of-evil-cormoran-strike-3_137,2021-05-06 20:36:01.559855
864,breaking-dawn-twilight-4_136,2021-05-06 20:36:01.559908
865,brave-enough_135,2021-05-06 20:36:01.559957
866,boy-meets-boy_134,2021-05-06 20:36:01.560006
867,born-to-run-a-hidden-tribe-superathletes-and-the-greatest-race-the-world-has-never-seen_133,2021-05-06 20:36:01.560055
868,blink-the-power-of-thinking-without-thinking_132,2021-05-06 20:36:01.560104
869,black-flags-the-rise-of-isis_131,2021-05-06 20:36:01.560165
870,black-butler-vol-1-black-butler-1_130,2021-05-06 20:36:01.560233
871,big-little-lies_129,2021-05-06 20:36:01.560291
872,between-shades-of-gray_128,2021-05-06 20:36:01.560351
873,best-of-my-love-fools-gold-20_127,2021-05-06 20:36:01.560410
874,beowulf_126,2021-05-06 20:36:01.560466
875,beautiful-creatures-caster-chronicles-1_125,2021-05-06 20:36:01.560524
876,awkward_124,2021-05-06 20:36:01.560580
877,ash_123,2021-05-06 20:36:01.560636
878,are-we-there-yet_122,2021-05-06 20:36:01.560691
879,are-we-smart-enough-to-know-how-smart-animals-are_121,2021-05-06 20:36:01.560746
880,annie-on-my-mind_120,2021-05-06 20:36:01.682817
881,and-then-there-were-none_119,2021-05-06 20:36:01.682890
882,a-walk-in-the-woods-rediscovering-america-on-the-appalachian-trail_118,2021-05-06 20:36:01.682954
883,a-visit-from-the-goon-squad_117,2021-05-06 20:36:01.683013
884,a-storm-of-swords-a-song-of-ice-and-fire-3_116,2021-05-06 20:36:01.683071
885,a-heartbreaking-work-of-staggering-genius_115,2021-05-06 20:36:01.683128
886,8-keys-to-mental-health-through-exercise_114,2021-05-06 20:36:01.683201
887,girlboss_113,2021-05-06 20:36:01.683264
888,the-suffragettes-little-black-classics-96_112,2021-05-06 20:36:01.683321
889,the-sense-of-an-ending_111,2021-05-06 20:36:01.683378
890,the-sandman-vol-2-the-dolls-house-the-sandman-volumes-2_110,2021-05-06 20:36:01.683436
891,the-course-of-love_109,2021-05-06 20:36:01.683495
892,sugar-rush-offensive-line-2_108,2021-05-06 20:36:01.683551
893,saga-volume-2-saga-collected-editions-2_107,2021-05-06 20:36:01.683607
894,run-spot-run-the-ethics-of-keeping-pets_106,2021-05-06 20:36:01.683663
895,new-moon-twilight-2_105,2021-05-06 20:36:01.683718
896,life_104,2021-05-06 20:36:01.683773
897,kindle-paperwhite-users-guide_103,2021-05-06 20:36:01.683828
898,h-is-for-hawk_102,2021-05-06 20:36:01.683931
899,girl-online-on-tour-girl-online-2_101,2021-05-06 20:36:01.683986
900,fruits-basket-vol-2-fruits-basket-2_100,2021-05-06 20:36:01.799942
901,diary-of-a-minecraft-zombie-book-1-a-scare-of-a-dare-an-unofficial-minecraft-book_99,2021-05-06 20:36:01.800038
902,y-the-last-man-vol-1-unmanned-y-the-last-man-1_98,2021-05-06 20:36:01.800091
903,while-you-were-mine_97,2021-05-06 20:36:01.800142
904,where-lightning-strikes-bleeding-stars-3_96,2021-05-06 20:36:01.800191
905,when-im-gone_95,2021-05-06 20:36:01.800239
906,ways-of-seeing_94,2021-05-06 20:36:01.800288
907,vampire-knight-vol-1-vampire-knight-1_93,2021-05-06 20:36:01.800336
908,vampire-girl-vampire-girl-1_92,2021-05-06 20:36:01.800402
909,twenty-love-poems-and-a-song-of-despair_91,2021-05-06 20:36:01.800470
910,travels-with-charley-in-search-of-america_90,2021-05-06 20:36:01.800530
911,three-wishes-river-of-time-california-1_89,2021-05-06 20:36:01.800587
912,this-one-moment-pushing-limits-1_88,2021-05-06 20:36:01.800642
913,the-zombie-room_87,2021-05-06 20:36:01.800699
914,the-wicked-the-divine-vol-1-the-faust-act-the-wicked-the-divine_86,2021-05-06 20:36:01.800754
915,the-tumor_85,2021-05-06 20:36:01.800809
916,the-story-of-hong-gildong_84,2021-05-06 20:36:01.800863
917,the-silent-wife_83,2021-05-06 20:36:01.800918
918,the-silent-twin-detective-jennifer-knight-3_82,2021-05-06 20:36:01.800975
919,the-selfish-gene_81,2021-05-06 20:36:01.801033
920,the-secret-healer_80,2021-05-06 20:36:01.925542
921,the-sandman-vol-1-preludes-and-nocturnes-the-sandman-volumes-1_79,2021-05-06 20:36:01.925609
922,the-republic_78,2021-05-06 20:36:01.925669
923,the-odyssey_77,2021-05-06 20:36:01.925726
924,the-no-1-ladies-detective-agency-no-1-ladies-detective-agency-1_76,2021-05-06 20:36:01.925784
925,the-nicomachean-ethics_75,2021-05-06 20:36:01.925840
926,the-name-of-the-wind-the-kingkiller-chronicle-1_74,2021-05-06 20:36:01.925897
927,the-mirror-the-maze-the-wrath-and-the-dawn-15_73,2021-05-06 20:36:01.925957
928,the-little-prince_72,2021-05-06 20:36:01.926015
929,the-light-of-the-fireflies_71,2021-05-06 20:36:01.926072
930,the-last-girl-the-dominion-trilogy-1_70,2021-05-06 20:36:01.926129
931,the-iliad_69,2021-05-06 20:36:01.926184
932,the-hook-up-game-on-1_68,2021-05-06 20:36:01.926261
933,the-haters_67,2021-05-06 20:36:01.926318
934,the-girl-you-lost_66,2021-05-06 20:36:01.926373
935,the-girl-in-the-ice-dci-erika-foster-1_65,2021-05-06 20:36:01.926428
936,the-end-of-the-jesus-era-an-investigation-1_64,2021-05-06 20:36:01.926487
937,the-edge-of-reason-bridget-jones-2_63,2021-05-06 20:36:01.926545
938,the-complete-maus-maus-1-2_62,2021-05-06 20:36:01.926600
939,the-communist-manifesto_61,2021-05-06 20:36:01.926655
940,the-bhagavad-gita_60,2021-05-06 20:36:02.070828
941,the-bette-davis-club_59,2021-05-06 20:36:02.070897
942,the-art-of-not-breathing_58,2021-05-06 20:36:02.070957
943,taking-shots-assassins-1_57,2021-05-06 20:36:02.071016
944,starlark_56,2021-05-06 20:36:02.071075
945,skip-beat-vol-01-skip-beat-1_55,2021-05-06 20:36:02.071138
946,sister-sable-the-mad-queen-1_54,2021-05-06 20:36:02.071198
947,shatter-me-shatter-me-1_53,2021-05-06 20:36:02.071256
948,shameless_52,2021-05-06 20:36:02.071313
949,shadow-rites-jane-yellowrock-10_51,2021-05-06 20:36:02.071370
950,settling-the-score-the-summer-games-1_50,2021-05-06 20:36:02.071427
951,sense-and-sensibility_49,2021-05-06 20:36:02.071482
952,saga-volume-1-saga-collected-editions-1_48,2021-05-06 20:36:02.071538
953,rhythm-chord-malykhin_47,2021-05-06 20:36:02.071594
954,rat-queens-vol-1-sass-sorcery-rat-queens-collected-editions-1-5_46,2021-05-06 20:36:02.071653
955,paradise-lost-paradise-1_45,2021-05-06 20:36:02.071731
956,paper-girls-vol-1-paper-girls-1-5_44,2021-05-06 20:36:02.071794
957,ouran-high-school-host-club-vol-1-ouran-high-school-host-club-1_43,2021-05-06 20:36:02.071852
958,origins-alphas-05_42,2021-05-06 20:36:02.071909
959,one-second-seven-7_41,2021-05-06 20:36:02.071965
960,on-the-road-duluoz-legend_40,2021-05-06 20:36:02.228956
961,old-records-never-die-one-mans-quest-for-his-vinyl-and-his-past_39,2021-05-06 20:36:02.229023
962,off-sides-off-1_38,2021-05-06 20:36:02.229082
963,of-mice-and-men_37,2021-05-06 20:36:02.229144
964,myriad-prentor-1_36,2021-05-06 20:36:02.229204
965,my-perfect-mistake-over-the-top-1_35,2021-05-06 20:36:02.229260
966,ms-marvel-vol-1-no-normal-ms-marvel-2014-2015-1_34,2021-05-06 20:36:02.229317
967,meditations_33,2021-05-06 20:36:02.229372
968,matilda_32,2021-05-06 20:36:02.229493
969,lost-among-the-living_31,2021-05-06 20:36:02.229590
970,lord-of-the-flies_30,2021-05-06 20:36:02.229643
971,listen-to-me-fusion-1_29,2021-05-06 20:36:02.229692
972,kitchens-of-the-great-midwest_28,2021-05-06 20:36:02.229744
973,jane-eyre_27,2021-05-06 20:36:02.229795
974,imperfect-harmony_26,2021-05-06 20:36:02.229844
975,icing-aces-hockey-2_25,2021-05-06 20:36:02.229892
976,hawkeye-vol-1-my-life-as-a-weapon-hawkeye-1_24,2021-05-06 20:36:02.229940
977,having-the-barbarians-baby-ice-planet-barbarians-75_23,2021-05-06 20:36:02.229989
978,giant-days-vol-1-giant-days-1-4_22,2021-05-06 20:36:02.230037
979,fruits-basket-vol-1-fruits-basket-1_21,2021-05-06 20:36:02.230084
980,frankenstein_20,2021-05-06 20:36:02.354391
981,forever-rockers-the-rocker-12_19,2021-05-06 20:36:02.354463
982,fighting-fate-fighting-6_18,2021-05-06 20:36:02.354553
983,emma_17,2021-05-06 20:36:02.354623
984,eat-pray-love_16,2021-05-06 20:36:02.354674
985,deep-under-walker-security-1_15,2021-05-06 20:36:02.354725
986,choosing-our-religion-the-spiritual-lives-of-americas-nones_14,2021-05-06 20:36:02.354774
987,charlie-and-the-chocolate-factory-charlie-bucket-1_13,2021-05-06 20:36:02.354823
988,charitys-cross-charles-towne-belles-4_12,2021-05-06 20:36:02.354871
989,bright-lines_11,2021-05-06 20:36:02.354920
990,bridget-joness-diary-bridget-jones-1_10,2021-05-06 20:36:02.354984
991,bounty-colorado-mountain-7_9,2021-05-06 20:36:02.355096
992,blood-defense-samantha-brinkman-1_8,2021-05-06 20:36:02.355147
993,bleach-vol-1-strawberry-and-the-soul-reapers-bleach-1_7,2021-05-06 20:36:02.355197
994,beyond-good-and-evil_6,2021-05-06 20:36:02.355245
995,alice-in-wonderland-alices-adventures-in-wonderland-1_5,2021-05-06 20:36:02.355294
996,ajin-demi-human-volume-1-ajin-demi-human-1_4,2021-05-06 20:36:02.355342
997,a-spys-devotion-the-regency-spies-of-london-1_3,2021-05-06 20:36:02.355390
998,1st-to-die-womens-murder-club-1_2,2021-05-06 20:36:02.355437
999,1000-places-to-see-before-you-die_1,2021-05-06 20:36:02.355484
